x,y,label
4.796126,-0.5788417,0
0.3432513,0.18698707,0
3.421123,-0.29779014,0
4.6610513,-1.1454235,0
5.8135195,-0.6946862,0
3.5059273,-0.5305991,0
1.0733608,0.77890736,0
4.8237696,-0.96241647,0
3.051873,0.09036033,0
1.8132493,0.79421043,0
4.091343,-0.9692389,0
5.072943,-0.9913042,0
1.495615,0.97744346,0
2.8805017,0.49432456,0
1.6287705,0.8982406,0
5.0751805,-0.9714495,0
5.019466,-0.8134356,0
4.5632563,-0.3487139,0
0.5609792,0.7761109,0
3.4200988,-0.38950717,0
1.0087593,0.5914876,0
4.3239703,-0.80848587,0
3.0946934,0.11232583,0
4.911995,-1.1107692,0
0.18741195,-0.32499444,0
1.232738,1.0185622,0
3.6827686,-0.48319212,0
2.5771449,0.27248073,0
4.4891353,-1.1583328,0
1.9266851,1.1674856,0
2.6405158,0.098833956,0
1.3148304,0.9118678,0
5.3090677,-1.2393107,0
3.4383452,-0.49296576,0
0.91925234,0.603522,0
5.190423,-0.6782599,0
2.7535167,0.06265023,0
6.248662,0.067460515,0
4.3490934,-0.7520812,0
3.143712,0.37525705,0
6.1969233,-0.055964682,0
1.0624902,1.2632885,0
2.500026,0.48314893,0
3.627353,-0.5657526,0
3.7707064,-0.43850914,0
0.96002513,0.91984785,0
5.4434547,-0.68332994,0
4.2165933,-0.67966926,0
1.8668445,0.5086363,0
4.229206,-1.0637381,0
5.992907,-0.41002372,0
5.253447,-0.92966807,0
5.6477304,-0.37174654,0
4.988588,-0.9313434,0
4.821955,-0.8928341,0
3.4597309,-0.6680969,0
3.7870188,-0.68467945,0
4.940398,-0.97791314,0
3.3040617,-0.3281486,0
2.2840304,0.44343817,0
1.2785331,0.987796,0
0.8126334,0.7853095,0
3.032881,-0.054758996,0
6.048366,-0.10737533,0
3.3282847,0.1636788,0
0.609766,0.30866343,0
2.706125,0.33735716,0
3.0842416,-0.21851783,0
6.0817866,-0.07011458,0
1.8342768,0.52952164,0
2.9470873,0.16346481,0
0.08897654,-0.03784047,0
5.3692307,-0.6779648,0
2.9343758,0.124902844,0
2.7506506,0.2974763,0
6.2203264,-0.06360027,0
1.026002,1.1611329,0
0.07072671,-0.045696683,0
6.014804,0.111714534,0
0.14644876,0.22272277,0
5.8224916,-0.6899555,0
0.8047673,0.62466884,0
2.1261463,0.9576154,0
1.8459629,0.8211494,0
4.1206236,-0.633496,0
3.1964986,0.07577501,0
1.0854859,1.0718062,0
3.6560655,-0.36765608,0
5.4176016,-0.41916054,0
5.6894608,-0.56065685,0
6.029283,-0.47695312,0
1.378542,0.6860383,0
5.0945296,-0.66615593,0
2.912376,-0.061641097,0
4.4696264,-0.79966843,0
1.6705505,1.17024,0
0.3631001,0.56320375,0
6.0695686,-0.16817445,0
0.9340656,0.87684566,0
2.5146334,0.5168504,0
3.67168,-0.49702084,0
0.39333522,0.3482979,0
2.256617,0.85643655,0
1.0566101,0.82467985,0
4.348875,-0.9319472,0
5.4107566,-0.9475739,0
4.5984893,-1.0165952,0
2.0776362,0.6816927,0
6.126845,-0.09067427,0
5.1884604,-1.2021512,0
6.03137,-0.0928863,0
1.7723014,0.94903374,0
0.8151809,0.426802,0
5.4566183,-0.6371699,0
5.214376,-1.1021252,0
2.427564,0.5057729,0
5.592026,-0.60647076,0
2.6480467,0.563192,0
3.587093,-0.38080636,0
5.8276815,-0.24688424,0
3.3004076,-0.23701902,0
5.03445,-0.72387326,0
2.792543,0.4918982,0
4.9016476,-1.0770144,0
1.9352883,0.96619403,0
1.7877926,0.80942017,0
2.688979,0.38333046,0
1.3534443,0.53448176,0
0.46437642,0.1724429,0
2.23379,0.89057636,0
6.1118383,-0.48708352,0
2.3851104,0.5983467,0
1.1873857,0.92945814,0
4.339006,-0.70504636,0
1.6181855,1.0958143,0
5.877348,-0.36669642,0
1.6427937,1.0937886,0
0.70709056,0.33341122,0
4.9309874,-0.8584302,0
5.712039,-0.6022607,0
1.6983665,0.97955,0
3.4147058,-0.7346434,0
2.1662452,0.40941146,0
2.1444082,0.7099351,0
5.234752,-1.073992,0
2.6728637,0.5732959,0
4.0869226,-0.57811743,0
3.520951,-0.2100296,0
5.32641,-0.9222124,0
0.3490402,0.31644773,0
6.1413636,0.04685373,0
2.1393836,1.1558256,0
1.3120878,0.90507704,0
5.715061,-0.19394377,0
1.3021549,1.4773104,0
3.1714146,0.043155972,0
0.31571537,0.1784415,0
2.9896085,-0.0018469243,0
3.1833613,-0.17986962,0
2.4838622,0.7002992,0
0.4862575,0.07443034,0
5.702009,-0.40496305,0
3.8556583,-0.52824724,0
5.8596296,-0.45118654,0
4.5143166,-0.81790465,0
0.07272832,0.2468647,0
2.319712,0.62945837,0
4.5091934,-0.9751706,0
3.9801657,-0.59814537,0
0.03546018,-0.49186376,0
1.8425924,0.9360811,0
1.3720578,1.3542776,0
4.1305056,-1.1103034,0
1.542406,1.1850568,0
1.8232275,1.093628,0
2.602157,0.8315747,0
2.18666,1.0521394,0
5.565411,-0.7800365,0
1.4665169,1.0774293,0
1.046449,0.73692703,0
2.4164112,0.8100405,0
0.7586148,0.665127,0
2.765242,0.48060125,0
1.0281185,0.6812523,0
2.6506772,0.35560882,0
5.3359394,-0.83698815,0
1.9162703,0.6908454,0
4.7316346,-0.9276908,0
2.676749,0.52917224,0
1.1214198,0.7490362,0
1.8726484,0.6121126,0
5.0589395,-0.9854433,0
4.147615,-0.65763384,0
3.923967,-0.79757243,0
5.3564553,-0.6110608,0
0.23379458,0.00038598126,0
1.1082121,0.91223043,0
4.1670895,-1.1935816,0
6.051875,-0.47875184,0
1.8849261,1.204905,0
4.079317,-0.932925,0
0.4676766,0.6606784,0
1.2571719,0.61025864,0
4.2149515,-1.0218374,0
1.1513686,0.8949334,0
1.0971197,0.8454061,0
2.956547,0.22390443,0
4.6989274,-1.1233455,0
0.4362839,0.5129054,0
5.660621,-0.92120486,0
3.9384146,-0.519572,0
5.967759,-0.5638238,0
5.73329,-0.4477947,0
3.0331545,0.5038667,0
3.8901947,-0.8636289,0
5.926245,-0.2194612,0
5.030591,-0.8037277,0
4.3909783,-0.9881067,0
2.2543342,0.4862796,0
2.4746222,0.22685763,0
0.61181796,0.66643083,0
2.7147765,0.3243839,0
5.3072114,-1.0033783,0
2.7691329,0.16001222,0
4.4047174,-1.1340256,0
1.6246965,1.0828878,0
1.6319327,1.2056093,0
0.8479946,0.7202896,0
5.9183464,-0.42226395,0
0.008538621,-0.025873773,0
0.6606411,0.4757167,0
4.6066575,-1.2547472,0
4.695575,-0.84655493,0
4.2589693,-0.82874393,0
2.9899197,-0.0111043295,0
5.091531,-0.89500546,0
4.944829,-1.2257663,0
0.5296557,0.1756619,0
5.3257084,-0.94324213,0
1.8586164,1.1011899,0
1.7297982,1.3290441,0
4.3501816,-0.9261215,0
2.5451813,0.60843,0
4.551078,-0.69800913,0
5.0365343,-1.1293002,0
2.4858844,0.90371394,0
2.2898548,0.7259104,0
3.6032226,-0.63272536,0
5.284522,-0.73336387,0
5.299025,-0.70699257,0
4.396799,-0.5764811,0
4.784484,-1.1428912,0
4.3262577,-0.81214744,0
0.7070016,0.70704997,0
4.909806,-0.9409231,0
2.1618876,0.9212024,0
2.1485624,0.90237993,0
0.73074836,1.0185248,0
1.3566275,0.9466771,0
1.6429536,0.9106681,0
0.765542,0.38116637,0
4.284983,-0.97554755,0
5.5283594,-0.743139,0
3.656436,-0.6040577,0
5.2445602,-0.7835479,0
6.139483,-0.31593135,0
0.31994155,0.16728637,0
5.613485,-0.7058485,0
6.2380176,0.31799686,0
3.2393558,-0.05275791,0
4.5119705,-0.9168164,0
4.875034,-0.8015993,0
0.45491996,0.39227703,0
1.8046304,1.0665939,0
2.861365,0.32928538,0
4.680096,-0.5022147,0
5.670692,-0.67288095,0
1.4269943,1.104641,0
3.9560487,-0.55852634,0
5.4007697,-0.8802947,0
5.4750967,-1.0337934,0
0.09606805,-0.034073684,0
0.5548489,0.60694563,0
4.131998,-1.1208628,0
1.0237342,0.78996605,0
6.004875,-0.2669203,0
3.0134177,0.0258433,0
0.32897642,0.35377324,0
2.655155,0.68579936,0
1.8179625,1.0787702,0
1.7742327,1.0984797,0
4.4822426,-0.7006219,0
5.8126764,-0.18710552,0
4.403413,-0.8970669,0
4.075678,-1.1158562,0
1.4618021,1.0685971,0
5.769756,-0.72906715,0
0.21300742,0.45772794,0
3.6093047,-0.057736557,0
2.0812252,0.8105584,0
2.4740498,0.6141643,0
2.945175,0.22299086,0
0.69308424,0.66953164,0
2.53053,0.48058808,0
0.16429602,0.11571825,0
5.920065,-0.25860372,0
4.0938773,-0.99398327,0
0.68159187,0.5742801,0
5.554128,-0.53437084,0
5.5366344,-0.7998149,0
4.245219,-1.3765404,0
5.563358,-0.6112208,0
1.1734636,1.0621563,0
0.64042807,0.7263967,0
1.7648882,0.80633336,0
4.7297983,-1.1861869,0
2.8554552,0.31470764,0
5.2151175,-0.67274356,0
1.0922741,0.6092963,0
5.6740317,-0.69475305,0
0.47523797,0.66843104,0
3.622822,-0.3435441,0
3.6237242,-0.4471058,0
1.4486262,0.8818304,0
1.8412942,1.1095535,0
1.6805416,1.0165899,0
2.1549416,0.6343527,0
3.9418511,-0.9313603,0
1.2667141,0.5683579,0
2.3615339,0.37160447,0
2.1731226,1.0407104,0
3.5222585,-0.5132611,0
3.5136352,-0.32448655,0
4.790434,-1.0689807,0
4.8282,-0.8826751,0
3.183349,-0.16309695,0
1.238859,0.699586,0
5.4743032,-0.20805582,0
1.0160455,0.46051994,0
2.7116132,0.72344327,0
4.3893604,-0.6106428,0
0.44416517,0.35039237,0
3.0150874,-0.14349283,0
3.766021,-1.0102953,0
1.0717698,0.87682396,0
5.5873985,-0.6427696,0
0.44253305,0.6014184,0
1.4949248,1.0160496,0
0.66045547,0.54750913,0
0.7283249,0.51414436,0
3.2645276,-0.048389077,0
1.0637836,1.0334408,0
4.350967,-0.8911224,0
4.941365,-0.8962391,0
3.2403986,-0.5868595,0
0.039745208,0.34318778,0
4.2241197,-0.6239455,0
6.152946,0.32604492,0
1.9280845,0.8566595,0
2.172451,0.7096344,0
1.9255096,0.8435441,0
3.909575,-0.36757204,0
2.168627,0.9085287,0
0.8803781,1.0159936,0
0.44007584,0.50017035,0
2.075232,0.7608612,0
4.7483883,-0.6996736,0
1.9802752,0.9281677,0
1.4731486,1.2533382,0
1.1932662,1.0064287,0
4.7361064,-0.7535299,0
3.9126923,-0.68791753,0
4.0292487,-0.33974963,0
5.764809,-0.50360245,0
5.3984804,-0.42505625,0
2.8752747,0.595757,0
0.5918069,0.39751577,0
1.291915,0.85895973,0
4.142952,-1.217771,0
6.1099916,-0.34847453,0
5.7139397,-0.28056088,0
5.388145,-0.9642847,0
4.9534354,-1.0599426,0
5.6043115,-0.80662394,0
2.1017718,1.0447673,0
0.5655273,0.6181451,0
4.8430576,-0.72304386,0
1.4299637,1.2689501,0
4.245596,-0.7237766,0
4.632118,-1.3946503,0
0.43268755,0.49315554,0
0.95399797,0.7452064,0
0.3460947,0.28345168,0
1.2935727,0.5512606,0
5.462359,-0.61508185,0
1.7629969,1.2389791,0
4.3049636,-0.72071797,0
1.93789,0.92457736,0
2.5827837,0.33302492,0
1.2181052,1.1130168,0
0.2631584,0.31939474,0
3.9528024,-1.0785186,0
3.7214608,-0.96633315,0
0.066467285,0.13872267,0
6.072809,-0.26380202,0
0.0296326,0.014630598,0
5.3194647,-0.58326733,0
1.8087054,1.420639,0
0.7951211,0.6584016,0
2.4242342,0.5527834,0
3.867693,-0.49747103,0
2.5191138,0.7254588,0
0.5849211,0.7108006,0
5.783976,-0.66619474,0
4.1848307,-1.0443062,0
2.0061824,0.63145363,0
0.24558681,0.41713387,0
0.21558258,0.2845554,0
4.6841,-0.8748636,0
0.3953079,0.5254641,0
2.0962145,0.67902285,0
5.2243605,-1.2008358,0
0.49299258,0.59002936,0
5.870242,-0.4350007,0
3.0470128,0.044178132,0
1.4719146,0.8937612,0
1.9567083,0.70346546,0
0.3220483,0.47170907,0
1.4282577,1.068368,0
4.2826366,-0.76262426,0
0.5775716,0.77351755,0
5.180146,-0.9978813,0
5.835411,-0.355319,0
1.4059297,0.88858074,0
1.7018248,0.5828663,0
2.0655897,0.58240634,0
4.271893,-0.9946324,0
0.16474974,-0.046190195,0
3.4805868,-0.6276241,0
4.253321,-0.8241676,0
1.9357148,1.2825419,0
4.863509,-0.83091456,0
0.8184366,0.8124138,0
1.8684802,0.8957503,0
1.2834585,0.9200486,0
1.2024596,1.0493639,0
0.98863775,1.0697159,0
2.6639378,0.24224275,0
4.4744844,-0.89816177,0
2.354953,0.8150526,0
3.6265094,-0.8486211,0
4.257514,-0.618644,0
3.1221645,-0.4207301,0
3.777031,-0.48535776,0
4.250236,-0.8272242,0
5.780375,-0.22502236,0
0.8378596,0.56789094,0
3.7656279,-0.46297926,0
0.17634012,0.06852868,0
1.2617471,0.81548035,0
2.803422,0.581235,0
1.2930743,0.94949937,0
2.1638997,0.5056328,0
0.64630514,0.63273895,0
0.7146327,0.7275458,0
0.10851061,0.3852644,0
4.762188,-1.3586239,0
0.9001581,0.8881196,0
0.50430053,0.4467354,0
3.0841453,0.18624987,0
0.82837236,0.8606147,0
6.0758047,-0.1286636,0
3.5342166,-0.39345908,0
2.7677784,0.6588815,0
0.36622313,0.34576675,0
1.5534744,0.65198874,0
3.217364,-0.107046336,0
4.9862905,-0.73565704,0
5.818637,-0.31816795,0
5.8137207,-0.72801334,0
6.0181007,-0.23637733,0
2.9964533,0.044823114,0
1.5051138,0.8128707,0
5.1596074,-0.96656674,0
0.2091173,0.45830044,0
4.382028,-0.92007005,0
3.3715525,-0.19989425,0
3.5752568,-0.5453583,0
0.07725167,0.155558,0
5.004915,-1.1014158,0
4.5072327,-0.8857663,0
0.82400626,0.55198133,0
2.2039492,0.43246645,0
3.5890713,-0.21063322,0
1.1278,0.84696025,0
5.889039,-0.60591453,0
2.3224423,0.58242154,0
2.119041,0.9424698,0
4.6134634,-0.884103,0
4.6808047,-0.8589612,0
4.6269655,-0.61109525,0
2.8563547,0.059516925,0
3.9906795,-0.25182512,0
1.5307862,0.74926215,0
4.2542152,-1.0138398,0
5.7682095,-0.71974254,0
0.7008592,0.97199434,0
3.1758032,-0.13070352,0
4.723481,-1.1487089,0
5.3135037,-0.5468698,0
0.9843101,1.0474094,0
5.793802,-0.38388786,0
5.282765,-0.78262216,0
6.081962,-0.25722852,0
2.1765969,1.0815219,0
1.7031726,0.90142596,0
2.5245755,0.9384289,0
1.7866988,0.8826636,0
1.4355932,0.87665695,0
2.63717,0.85800403,0
0.5857462,0.2517527,0
0.5141047,0.20418121,0
2.2533991,0.3122774,0
1.0238078,0.957306,0
2.027074,1.1712041,0
4.3808875,-0.9164228,0
4.521433,-0.83675504,0
2.8033843,0.0548264,0
1.528097,0.84198636,0
5.5272746,-0.45270497,0
5.2612553,-1.0856918,0
3.3370867,-0.27106586,0
1.2808816,0.5330909,0
3.9733915,-0.89320433,0
2.035995,0.74673337,0
2.787252,0.12722443,0
1.1864803,1.0615692,0
3.5135312,-0.5744306,0
5.602022,-0.73323256,0
0.7920669,0.49585497,0
5.2922378,-0.86281323,0
0.39854017,0.4663306,0
0.81820333,0.6840978,0
1.5411307,1.0064645,0
3.9067383,-0.8670655,0
2.2322404,0.8303685,0
5.1228895,-1.0102615,0
2.3265607,0.6920258,0
5.116287,-0.7188925,0
4.1351595,-0.6908019,0
5.74632,-0.6879543,0
5.3422403,-0.85062605,0
0.28892043,0.2273071,0
2.5130181,0.74175924,0
6.210833,-0.40746155,0
5.9083934,-0.36594376,0
5.685585,-0.33871835,0
3.6272585,-0.61843866,0
0.32918435,0.19605601,0
1.8425841,0.94993335,0
5.026535,-1.1057751,0
6.179434,-0.15923117,0
4.7315392,-1.2896343,0
5.477767,-0.73978883,0
5.3460193,-0.87910914,0
1.4611025,1.1272078,0
1.7831218,0.9973631,0
1.9939352,0.605978,0
3.6824024,-0.2675119,0
0.7502666,0.65059775,0
4.0962152,-0.97506255,0
0.48441565,0.51025265,0
3.1217003,-0.10614618,0
0.32076788,0.16849084,0
1.7665823,0.7644223,0
4.5249414,-0.96830875,0
0.027917631,-0.14307293,0
5.5067663,-0.9314729,0
5.6883297,-0.43064284,0
3.4997365,-0.3367633,0
3.7451425,-0.8848399,0
4.1805806,-0.37147227,0
4.7424054,-0.6660781,0
0.37572557,0.23129116,0
3.5324957,-0.30877343,0
6.1281357,0.1396956,0
3.5499804,-0.35515824,0
3.7652853,-0.47641754,0
3.8082712,-0.39196327,0
3.4130278,0.143968,0
2.492782,0.42835373,0
0.253411,0.3389771,0
3.58254,-0.27976015,0
3.9967697,-0.9643396,0
2.3943946,0.6421563,0
0.88378567,0.89697665,0
4.278457,-0.71394086,0
3.591717,-0.54680336,0
5.268557,-0.68058586,0
3.366724,-0.2960588,0
2.7981486,0.83405745,0
4.243667,-0.9138515,0
4.794074,-0.92340326,0
3.2193208,0.03749656,0
0.8609319,0.54431874,0
2.5098312,0.44310713,0
6.112379,-0.07591876,0
4.39481,-0.96029294,0
5.0073876,-0.9877313,0
2.2754908,1.2278147,0
4.5704336,-1.4667544,0
4.78229,-1.1644679,0
4.036789,-0.64826995,0
4.489232,-0.9194177,0
3.5437782,-0.44390044,0
3.416199,-0.62594974,0
2.5929554,0.47672495,0
4.618969,-0.89292485,0
1.8698459,0.9425256,0
2.585866,0.539284,0
4.5254884,-0.8175402,0
5.3628182,-0.56631994,0
5.285512,-1.1718658,0
2.2218802,0.79720485,0
2.2481117,0.63265395,0
0.092999086,0.12637545,0
4.9833055,-0.7365322,0
5.032913,-0.7216061,0
3.2309134,0.13134864,0
2.4502602,0.71679145,0
5.534319,-0.41886455,0
3.963652,-0.39755034,0
6.2628417,-0.5478171,0
1.971684,1.1658376,0
5.562309,-0.6458873,0
0.57651734,0.4930257,0
3.0077856,0.3393665,0
1.9443578,0.8327304,0
3.1036541,-0.18075457,0
2.5629807,0.8579362,0
2.6185253,0.53433305,0
0.40703192,0.63715035,0
1.3498554,1.2365336,0
3.5622706,-0.38781914,0
1.6721754,1.0920968,0
5.549373,-0.3357902,0
2.9522693,0.043368243,0
6.186864,-0.37268764,0
5.0005565,-1.3464928,0
1.7087044,0.8689677,0
0.09895101,0.15542723,0
2.15478,0.7469465,0
4.597823,-1.1164324,0
1.4883468,1.3872452,0
3.037292,-0.08409949,0
5.9710507,-0.4516329,0
3.8767781,-0.6168906,0
2.995609,0.14648552,0
2.9778016,0.0267904,0
2.6584315,0.4658334,0
3.5965302,-0.55082685,0
5.864805,-0.5611388,0
5.6915817,-0.23701064,0
4.3630614,-1.2415204,0
2.4614813,0.87294126,0
2.0906715,0.9626621,0
4.956126,-0.8125265,0
1.7131499,1.050991,0
2.4286375,0.36014155,0
3.5485039,-0.5311979,0
3.2382083,0.015707577,0
5.9157662,-0.23900725,0
4.8413763,-0.79247457,0
1.8553307,0.9317117,0
5.37536,-0.66672945,0
1.7887679,0.9756041,0
2.1205828,0.6150678,0
0.053286962,-0.08534029,0
4.2884517,-1.0114542,0
0.7482255,0.41469687,0
0.9979016,0.62608564,0
2.2957067,0.75071394,0
1.6583579,1.0783458,0
3.3311062,-0.015659248,0
3.166149,-0.4765906,0
3.5130978,-0.42855856,0
3.6017597,-0.5943026,0
1.9931479,0.69932467,0
3.9891098,-0.7155783,0
4.3453603,-1.1424843,0
0.8834151,0.85796547,0
2.4571736,0.5815286,0
0.7296006,0.8109214,0
0.7623197,0.45785338,0
3.5835583,-0.37049595,0
3.9856586,-0.99793315,0
3.8560684,-0.657019,0
4.337246,-1.0753702,0
3.4099128,-0.5338782,0
0.04486103,0.12978202,0
0.17186546,0.1769769,0
5.149122,-1.155873,0
0.9222275,0.79665595,0
0.33007982,0.21745366,0
2.8914123,0.2355177,0
5.364921,-0.6789325,0
5.451246,-0.7508704,0
3.8557272,-0.82216144,0
4.505292,-1.1358933,0
5.8988843,0.2934396,0
5.0192738,-0.9287762,0
1.8046569,0.7165656,0
3.1996093,-0.030810058,0
4.3769207,-0.91978633,0
0.981057,0.78758657,0
1.088671,0.6729923,0
1.8673407,0.81894124,0
4.593851,-1.2129108,0
2.5803673,0.5979586,0
4.770339,-1.0690858,0
5.0054026,-0.9161139,0
4.4930515,-0.85972315,0
4.1695127,-0.9189429,0
3.4236631,-0.1742543,0
4.3646193,-0.95852333,0
5.018941,-0.7603757,0
2.0121777,1.0773884,0
1.1068043,0.84167916,0
5.8443403,-0.43024266,0
3.7848065,-0.66899437,0
5.5471764,-0.75532943,0
4.0893083,-0.9679438,0
3.4031765,0.24584411,0
4.9628706,-1.1844269,0
3.959172,-0.4673387,0
2.0776284,0.62662745,0
1.9443694,1.2161958,0
3.373766,-0.18963443,0
5.7609706,-0.26063946,0
0.7654988,0.79882205,0
1.0964165,0.80201215,0
6.0182548,0.09046153,0
6.0960875,-0.53714526,0
5.626312,-0.49170452,0
1.8716906,1.1182643,0
5.409573,-0.6980187,0
2.7586155,0.2428337,0
2.1410697,0.9364997,0
4.5297427,-1.3517202,0
3.3869796,-0.38671687,0
2.085143,0.7519596,0
3.2291427,0.04658811,0
1.0810142,1.0865427,0
6.2683425,0.13600981,0
2.3128512,0.706342,0
2.139257,0.832086,0
5.3585653,-0.9942039,0
4.0855846,-0.7764212,0
1.599354,0.9817512,0
0.7063975,0.45240632,0
6.2328687,0.14039445,0
4.6433463,-1.0215034,0
2.9431705,0.3643942,0
1.2078686,0.7761394,0
0.25852075,0.32576665,0
0.2990979,0.022072326,0
3.2061667,-0.04206666,0
4.016419,-0.79714084,0
5.5015736,-0.7440038,0
6.2419157,0.32399163,0
1.7234904,0.6321776,0
4.1584888,-0.9704331,0
0.5936735,0.4156548,0
4.5343122,-1.2689854,0
2.9711337,0.252904,0
5.8094907,-0.38049686,0
4.961377,-1.1536392,0
6.273953,-0.20052814,0
3.0509183,0.12446634,0
1.5732689,1.0465138,0
3.888351,-0.6164066,0
4.6401157,-0.7964904,0
5.6361265,-0.5684852,0
4.489742,-1.0676749,0
1.3618454,1.0736974,0
5.1412683,-0.9808229,0
2.0704749,0.9995127,0
4.332911,-1.1623521,0
1.9024588,1.1456561,0
0.28389066,0.22566688,0
1.0940782,0.869596,0
2.348458,0.21115603,0
1.3676134,1.0957419,0
0.0696142,0.23535267,0
3.5928333,-0.3899327,0
2.9951048,0.068042815,0
4.331179,-0.65951633,0
0.081284806,-0.12752917,0
1.7249261,1.2834986,0
3.3961902,-0.16234721,0
0.5276318,0.38819143,0
0.8840805,0.8335387,0
3.0746052,-0.009604883,0
4.1855726,-1.1289275,0
0.27056903,0.63681734,0
0.6137011,0.41172975,0
4.3892345,-0.9628393,0
3.513697,-0.6554545,0
1.3603544,1.0383031,0
3.896701,-0.6419395,0
5.9388447,0.13496274,0
4.641486,-0.89708567,0
2.8512905,0.44847575,0
0.12389748,-0.25443465,0
2.477988,0.7633834,0
2.4912183,0.8703451,0
3.7720325,-0.51246136,0
0.707075,0.3803973,0
3.1190243,0.13363211,0
2.876103,0.14765573,0
5.0922184,-0.9707494,0
4.166395,-0.95670444,0
0.7730021,0.7231132,0
5.8606772,-0.7029243,0
2.7507393,0.28111008,0
5.76604,-0.7965138,0
5.9495287,-0.40702102,0
4.706885,-0.96929026,0
2.3009608,0.85934895,0
1.2434688,1.05152,0
2.2921946,0.92995775,0
3.0046556,0.28719565,0
0.097066484,-0.13802584,0
1.0785335,0.78903085,0
0.8921368,0.9792095,0
4.262956,-1.0053865,0
2.2369568,0.47599658,0
2.825869,0.37193766,0
1.0121434,0.7100236,0
3.574128,-0.17691101,0
2.4014435,0.8171211,0
3.5811799,-0.28404528,0
0.5293503,0.6984604,0
0.21819125,0.08332558,0
4.621511,-0.75436246,0
2.8037283,0.29496062,0
1.1298839,0.70877904,0
3.2195137,-0.018077467,0
1.2546871,0.91519314,0
2.5083191,0.8412001,0
4.783795,-1.0072868,0
2.8305564,0.4300038,0
5.89173,-0.803467,0
1.1057656,1.0111741,0
5.528504,-0.6269478,0
3.6411028,-0.624828,0
4.9385715,-1.0049032,0
0.49097848,0.37312484,0
6.139162,-0.3278889,0
6.14926,0.066772,0
1.6655006,1.0614694,0
2.4825652,0.7501173,0
0.04824966,-0.019237002,0
5.9628844,-0.41436294,0
4.7662005,-0.695872,0
1.1170579,1.1549412,0
4.707896,-0.58591336,0
3.7122793,-0.38939568,0
0.23609349,0.1108652,0
6.0775824,-0.29903823,0
2.9031384,0.18204664,0
0.5068446,0.5510996,0
2.5058374,0.6694402,0
2.9302895,-0.2748868,0
1.5421312,0.9534702,0
0.50597125,0.563786,0
1.5342184,1.1464182,0
2.5138938,0.73461217,0
4.0962334,-0.5666908,0
6.1786156,-0.1704172,0
5.9726562,-0.26178393,0
5.259922,-1.0605031,0
1.118543,0.6919109,0
3.5149915,-0.41035062,0
4.52384,-0.87973493,0
2.7182567,0.48153844,0
1.1686695,0.78434545,0
1.9975234,0.99434465,0
4.3179383,-1.3363357,0
6.2113767,-0.20037699,0
4.769468,-0.801527,0
3.9571183,-0.64924157,0
0.659235,0.27502427,0
0.43623376,0.55654687,0
1.0385357,0.8264473,0
5.59189,-0.5630707,0
3.7552848,-0.37974638,0
2.6368206,0.7244186,0
0.017834466,-0.21021225,0
1.5915836,1.0209107,0
5.4036317,-0.4384538,0
1.9645689,0.98680556,0
2.9558902,0.35680956,0
0.9756835,1.0588503,0
0.034539454,-0.03639586,0
4.232602,-1.0284871,0
0.9377208,0.4744734,0
1.1498928,1.0771289,0
2.0651474,0.6910492,0
2.5734951,0.108928956,0
2.1168563,0.8362222,0
3.9531555,-0.46565685,0
4.6550055,-0.8420191,0
5.7221155,-0.5704604,0
5.9367104,-0.26113886,0
3.5326092,-0.33356473,0
1.1179111,0.92280537,0
0.41870403,0.5731757,0
2.0126762,1.296643,0
3.978668,-0.43883657,0
0.9974867,0.6336339,0
1.5058092,0.74291646,0
6.137754,0.0024742158,0
3.3445377,-0.32601342,0
5.0364437,-1.0024973,0
1.4184885,1.2657105,0
1.9502789,0.9263493,0
1.3359973,1.2679383,0
2.6820095,0.30816582,0
6.007739,-0.2007213,0
2.9373415,-0.10536474,0
5.1189966,-0.7178566,0
0.9168471,0.519645,0
4.6249146,-0.8080587,0
1.5230017,0.7480688,0
2.4443924,1.1752672,0
5.9758334,-0.6783594,0
4.733858,-1.2614675,0
1.4518338,0.9916955,0
3.937552,-0.9456401,0
3.5288599,-0.72464556,0
6.0269217,-0.2986225,0
4.8411813,-0.8406109,0
5.9274254,-0.22541457,0
3.069326,0.31224695,0
3.3420331,-0.0044317907,0
4.975231,-0.8387167,0
2.3665292,1.0316241,0
0.6023259,0.7368701,0
3.0068254,-0.20636997,0
1.3941345,0.81557155,0
5.2507195,-0.27690545,0
4.188232,-0.6722608,0
1.0596943,1.021933,0
5.922564,-0.33124748,0
2.9562669,0.124712415,0
0.01676127,-0.054879222,0
1.2127049,0.8536622,0
3.4616115,-0.34728926,0
2.526316,0.8382638,0
2.1923425,0.72966367,0
4.0795135,-0.74721855,0
2.9463146,0.33711106,0
1.1200593,0.9825792,0
5.1358733,-0.7938403,0
3.2632723,0.023749296,0
1.8129712,1.0353464,0
6.1382103,0.019843925,0
3.2349112,0.066214874,0
3.5233736,-0.49033925,0
5.84636,-0.5910307,0
5.440377,-0.5129155,0
5.2328277,-0.75634766,0
0.7105116,0.25523844,0
4.013852,-0.7410476,0
2.8638706,0.28953928,0
4.1345305,-0.7304774,0
0.9852367,0.57281387,0
4.2377915,-0.6781568,0
2.4620314,0.960787,0
3.9084404,-0.797339,0
0.70415336,0.6293001,0
3.7603784,-0.7274402,0
2.4834976,0.4940826,0
3.3317747,-0.3437214,0
4.533249,-1.2450799,0
3.3203447,0.030760355,0
5.621501,-0.5323861,0
5.3004637,-1.173394,0
0.78483737,0.63486224,0
3.0873315,0.13930671,0
5.4788775,-0.7825193,0
0.27833393,0.14240049,0
6.211813,-0.07053774,0
3.9085574,-0.66738063,0
3.1331534,-0.30903992,0
3.4342113,-0.1593011,0
3.09332,-0.0017400011,0
5.3716054,-0.7259223,0
2.9509044,0.16215639,0
0.5425601,1.02307,1
5.249238,0.72100335,1
2.4047778,-0.5013078,1
2.9530675,-0.76838416,1
4.526835,-0.22279759,1
1.6766793,-0.12851503,1
0.5805162,0.45826602,1
0.23503692,1.1504815,1
6.1450562,1.0379292,1
2.6897357,-0.84534305,1
2.6647112,-0.7437237,1
0.2927771,0.8854844,1
4.4661574,-0.4080464,1
4.0241737,-0.33790955,1
1.266452,0.16779502,1
3.2379887,-1.1599014,1
1.031328,0.46816218,1
3.4833846,-0.9024459,1
1.0191033,0.13802505,1
5.482274,0.30709556,1
2.8567865,-0.53282106,1
0.2811282,1.0293158,1
2.5104866,-0.45212322,1
2.1293387,-0.17896347,1
4.086817,-0.64820135,1
2.4275272,-0.9566307,1
0.798831,0.44638398,1
1.3566866,-0.0014586971,1
1.5570285,0.26806113,1
2.0035417,-0.66336983,1
2.1897058,-0.72056836,1
2.5257769,-0.560879,1
5.498651,0.93057823,1
1.9194413,-0.24562073,1
2.6341975,-0.65040606,1
2.2897146,-0.63118196,1
1.2967005,0.2285036,1
3.8097458,-0.7930648,1
3.62217,-0.97169423,1
2.8997958,-1.2153392,1
0.38508654,1.088754,1
2.6399937,-1.0413135,1
5.4255214,0.56777793,1
3.456646,-0.65622705,1
1.3943219,-0.0010766436,1
3.4655337,-0.73071265,1
4.846892,-0.09661322,1
3.0739968,-0.8866168,1
2.5670958,-0.60368174,1
5.75919,0.9569644,1
3.2203953,-0.8681963,1
0.508735,0.98646057,1
4.152479,-0.38844624,1
5.25341,0.4977988,1
3.8246076,-0.90098685,1
3.302003,-1.1738095,1
5.3061395,0.9809486,1
4.1948495,-0.57679224,1
2.1878276,-0.81084245,1
4.1764245,-1.0213308,1
1.9527835,-0.4783154,1
4.321471,-0.19737284,1
1.2268159,0.39346686,1
2.3849761,-1.0508782,1
1.2319101,0.291271,1
4.0955715,-0.69459796,1
3.4029875,-0.856832,1
2.3427918,-1.0517145,1
2.7230062,-0.70218265,1
2.569719,-0.57674706,1
3.704468,-0.9733428,1
4.523148,-0.18095589,1
4.443667,-0.22423735,1
4.596592,0.033899657,1
5.293029,0.78320116,1
1.7262847,-0.21726269,1
3.4399657,-1.0005836,1
4.8164387,0.15364826,1
5.201982,0.71102667,1
3.3816092,-1.0117115,1
1.310803,0.6779585,1
5.384626,0.6109512,1
3.6618388,-0.4986175,1
1.052103,0.58179295,1
5.9915476,1.2634819,1
0.012924923,0.7441954,1
3.596225,-0.99865866,1
4.633972,-0.21971756,1
1.9773585,-0.3994781,1
1.9189079,-0.2650146,1
5.5545154,0.8223975,1
4.1945314,-0.6668147,1
3.795282,-0.8473474,1
2.3152714,-0.84946764,1
2.220918,-0.4752468,1
6.196123,1.2124437,1
5.7123666,1.1160109,1
0.08066294,1.0123836,1
3.4911535,-0.75471854,1
3.5723736,-0.8753513,1
3.3842254,-0.7220308,1
5.20016,0.3781148,1
5.1694903,0.5194223,1
1.0441076,0.5820971,1
0.5438938,0.8678012,1
4.035412,-0.69750255,1
2.2539356,-0.34451196,1
4.6860037,-0.078698024,1
2.7246454,-0.8885328,1
2.2426205,-0.96689147,1
2.620122,-0.9449428,1
2.6454525,-1.0003614,1
2.1816816,-0.3469027,1
0.70641756,0.76988614,1
3.8447719,-0.8215241,1
5.5877743,0.9756586,1
4.1796446,-0.65054435,1
2.7051961,-0.9336222,1
4.1439576,-0.41071084,1
0.5388172,0.7396507,1
4.9500813,0.58211774,1
2.467383,-0.81565106,1
4.745332,-0.20482013,1
2.3146653,-0.28502643,1
1.1454961,0.544074,1
2.4848518,-1.2382298,1
5.947867,0.7082702,1
2.2927856,-0.725782,1
5.0637574,0.13940828,1
0.03945791,0.79820645,1
4.881663,0.28287953,1
1.5074117,0.20913707,1
4.126603,-0.79296887,1
0.82152295,0.7045512,1
4.752271,-0.08115543,1
1.2760938,0.32999712,1
2.4205062,-0.8169968,1
1.8376321,-0.09579648,1
1.2452574,0.43547344,1
5.4005938,0.63237536,1
2.4085712,-0.678143,1
6.1355247,0.7024207,1
5.572901,0.49349362,1
5.401891,0.41753578,1
2.1818013,-0.8041919,1
5.6415467,0.6774734,1
4.9907594,0.07206819,1
0.21144536,0.8383528,1
2.154388,-0.284591,1
1.7156174,-0.02331684,1
2.0297022,-0.5264747,1
6.048014,1.0882822,1
0.3732656,1.0725732,1
0.37675583,1.2052639,1
1.6321527,0.13628775,1
5.483509,0.8993172,1
2.3341691,-0.7749022,1
3.3084965,-0.82804143,1
0.31510404,1.3967826,1
5.948525,1.1448641,1
3.256359,-1.081095,1
0.9708374,0.4112586,1
5.1560397,0.51225233,1
2.1988895,-0.48840758,1
2.1520402,-0.6792753,1
5.3243175,0.46270585,1
3.3160121,-0.94237584,1
0.05281449,1.144681,1
1.0866568,0.5228997,1
0.35616285,1.0668927,1
3.1974845,-0.95707524,1
0.018913344,1.1623548,1
3.389164,-0.933616,1
5.547553,0.92104423,1
5.648348,0.9091097,1
2.9684181,-0.9288325,1
1.8723841,0.04701923,1
3.6411026,-1.0914623,1
0.19506873,1.4585967,1
1.4735953,-0.04410401,1
2.5451,-0.790252,1
4.4353995,-0.13133615,1
0.5899916,0.9792354,1
2.9351633,-1.0227709,1
2.2223172,-0.7715111,1
2.5358748,-0.6686573,1
3.716312,-0.8884687,1
3.0310109,-0.8398716,1
3.7575111,-0.96115565,1
4.2325163,-0.6379424,1
4.0455456,-0.47476658,1
5.7775865,0.8391279,1
4.611626,-0.033312995,1
2.7030911,-1.0435889,1
2.0711508,-0.15038238,1
3.12372,-0.96442264,1
1.2197298,0.281905,1
1.7565123,-0.18870458,1
6.0478706,1.0437082,1
5.802286,1.0502317,1
3.5382555,-0.97132444,1
3.0574608,-0.91721326,1
2.476098,-0.46042985,1
3.6708596,-0.948136,1
2.2077875,-0.60348177,1
0.09963465,0.63506806,1
1.0522306,0.22577572,1
5.722547,0.7742943,1
4.6785254,0.21009986,1
5.8125143,0.554032,1
5.885643,0.74967086,1
2.8457804,-1.1105144,1
3.9016724,-0.8756609,1
0.40976423,0.99910533,1
4.6863585,-0.08952162,1
5.8877344,1.1619802,1
5.9392653,1.0353585,1
3.1015656,-0.9108268,1
4.101586,-0.74414366,1
3.2277668,-0.6709144,1
5.674277,0.6173801,1
2.2759464,-0.7250702,1
1.6951636,-0.2910424,1
1.4759156,0.26629403,1
5.1225467,0.46060926,1
2.2507272,-0.7690551,1
4.2607527,-0.12878245,1
5.8164353,0.7669692,1
5.805077,1.0426037,1
3.4484599,-0.96508455,1
1.4977326,-0.035881665,1
3.1781921,-1.1833695,1
2.3425748,-0.7041047,1
4.6977715,-0.011035846,1
5.342989,0.6382623,1
1.1200542,0.43028876,1
5.219329,0.33532822,1
6.218188,0.9205973,1
5.9617076,0.9984903,1
3.4484217,-0.7480387,1
0.619343,0.8899386,1
1.1820894,-0.003114276,1
1.326342,0.05854232,1
0.07638031,0.62079096,1
3.3493865,-0.94276714,1
0.50333834,0.9833477,1
4.889605,0.32570675,1
4.5638556,-0.2712276,1
2.150188,-0.38891634,1
2.5137181,-0.686094,1
2.8777468,-1.1016058,1
1.5830902,0.12483391,1
4.0022316,-0.5888636,1
1.9754598,-0.091633536,1
0.5375543,0.4209971,1
4.8567157,0.21798983,1
1.8521731,-0.36487678,1
0.6360789,0.8498123,1
5.749796,0.50565046,1
0.1713565,0.81384087,1
5.821698,1.0324404,1
5.311181,0.6588485,1
1.8695725,-0.5220614,1
1.4938568,0.43174377,1
1.1536547,0.2097689,1
5.976558,0.8190512,1
0.38506934,1.2120241,1
4.355561,-0.30582112,1
5.2796893,0.37896565,1
2.4150884,-0.925448,1
6.105721,0.694966,1
5.781331,1.0868841,1
1.8294978,-0.15561372,1
1.4905602,-0.2441474,1
3.2712305,-1.2232323,1
4.8895907,-0.28721806,1
2.3822737,-0.7511507,1
5.2492547,0.5045875,1
4.499097,-0.16060585,1
5.9353814,1.1546919,1
4.431221,-0.3204861,1
0.3171155,0.87918574,1
6.266949,1.4279215,1
6.240254,0.90292484,1
5.8439517,0.56875557,1
1.2387978,0.26602682,1
3.1152222,-1.0931159,1
0.9069327,0.40412018,1
5.605542,0.7574855,1
3.6416566,-1.1211336,1
0.68707293,0.9598582,1
4.531162,-0.31882882,1
0.35586026,1.1851779,1
0.5442034,0.56589335,1
2.269851,-0.64314574,1
2.7795308,-0.9735004,1
5.217365,0.6271973,1
5.865566,0.6924017,1
1.0299574,0.6342075,1
1.559318,-0.11909184,1
3.183272,-0.5036571,1
2.3726835,-0.6730235,1
0.46846694,1.6022329,1
5.10305,0.22621663,1
4.393262,-0.29826838,1
1.378533,-0.08680327,1
5.0458517,0.4298916,1
5.346165,0.27235126,1
4.355632,-0.58460337,1
2.4888368,-0.63729143,1
0.58271885,0.3195849,1
1.2547894,0.3412863,1
5.104051,0.4223289,1
5.48631,0.36289322,1
5.8640523,1.1153525,1
2.5289457,-0.6714293,1
0.80069137,0.95619065,1
1.5335438,0.0065438743,1
1.2178367,0.41994473,1
4.232398,-0.3083828,1
0.27699867,0.89130086,1
1.7053517,-0.4537588,1
2.043985,-0.69766897,1
2.5525022,-0.87804556,1
4.9915705,0.3158898,1
0.96769047,0.69480723,1
1.327728,0.36110318,1
3.8545067,-0.7419459,1
3.9586942,-0.17452985,1
2.6949694,-0.83840144,1
2.057592,-0.392838,1
0.46395093,0.7559911,1
5.030786,0.35623127,1
5.339757,0.35169315,1
1.288328,0.046885744,1
4.8581414,-0.08830303,1
1.0765685,0.32054698,1
6.109033,0.9748112,1
5.0774574,0.2711889,1
4.689616,0.03926278,1
0.9823021,0.7209854,1
2.2872083,-0.75585663,1
3.5887554,-0.65928817,1
6.2604675,0.96192807,1
5.227923,0.48604742,1
2.515344,-0.8556888,1
1.4939188,-0.0459899,1
1.6437637,-0.054249696,1
4.25019,-0.86055225,1
4.089468,-0.45313394,1
3.7247086,-0.93471676,1
3.715128,-1.0622761,1
5.46365,0.88499814,1
0.09761258,0.5883064,1
1.6245264,-0.095768884,1
4.593658,-0.045175992,1
1.3312366,0.28016716,1
0.94357723,0.6914784,1
4.2393103,-0.38819748,1
6.2425632,0.9545663,1
3.259093,-1.2256483,1
0.32698074,1.0208457,1
3.7353213,-0.8206543,1
1.7544966,0.057407543,1
3.0252519,-1.5719012,1
0.9107487,0.33177215,1
1.9687564,-0.55684817,1
1.4412488,0.28433153,1
5.068038,0.28822714,1
0.9505156,0.7489642,1
4.50281,-0.26390788,1
4.573876,-0.24550061,1
1.7539696,-0.50018543,1
4.5224705,0.15968737,1
2.7383165,-0.68548596,1
1.2402333,0.5117298,1
4.3387046,-0.22942072,1
1.5966545,-0.29144162,1
4.8007693,0.2138783,1
1.1179012,0.90560097,1
1.1793927,0.11613606,1
0.6380903,1.0289192,1
1.5363126,0.24497125,1
1.9633229,-0.27890015,1
0.072297856,1.1008171,1
5.023375,0.06722467,1
5.6876016,0.8726791,1
1.5833197,0.030991718,1
3.3140373,-0.7640366,1
0.53678685,0.83799,1
0.98585844,0.5326766,1
6.061585,1.2940335,1
3.4061697,-1.1511248,1
4.400518,-0.21152571,1
3.9627845,-0.7247713,1
4.7881913,0.22639114,1
5.896176,1.2226391,1
3.499,-0.9938959,1
1.3977642,0.116181895,1
2.4271083,-0.6976069,1
4.2985864,-0.5799085,1
2.4273293,-0.61811984,1
4.1203156,-0.6541176,1
5.7169337,0.92816395,1
6.08598,1.1736021,1
5.6467204,0.9397497,1
2.307741,-0.9355299,1
1.5118345,-0.018193895,1
2.6515129,-1.083128,1
4.0370193,-0.87575424,1
0.0717216,1.1505568,1
0.09666375,0.9408717,1
5.0306544,0.31174603,1
3.267954,-0.86161953,1
4.2621017,-0.46645993,1
4.0802197,-0.60416585,1
0.25826472,0.7274624,1
2.8571045,-0.7845891,1
0.21963313,1.1101559,1
5.6314793,1.1347754,1
5.146876,0.45712572,1
4.084496,-0.65794367,1
1.9692776,-0.09642001,1
0.81252354,0.66312915,1
5.5476365,0.96038896,1
4.468306,-0.15538108,1
0.9725025,0.89161825,1
1.6333977,-0.15953602,1
3.9635448,-0.8326431,1
4.4213333,0.157914,1
2.2142677,-0.71124864,1
2.9877656,-0.99463385,1
6.218603,0.91849124,1
5.7046022,1.1935087,1
4.653392,0.043718953,1
5.1716857,0.63334036,1
1.4134444,0.45584044,1
5.5564547,0.886636,1
5.580968,0.53351134,1
0.3531552,0.6539691,1
0.09059968,1.0070673,1
6.1145244,1.1103323,1
4.000898,-0.6253762,1
1.7572949,-0.270596,1
1.8508189,-0.10461318,1
3.007855,-0.86398894,1
3.733968,-1.02167,1
0.68484837,0.9326169,1
0.64845055,0.81061393,1
4.803345,0.0014097296,1
0.0004125991,0.7288671,1
3.4654083,-0.8477154,1
3.5432825,-0.6358095,1
1.1626399,0.33446264,1
5.1159787,0.5323794,1
4.357344,-0.7617384,1
6.277226,1.3390554,1
1.3623127,0.24727608,1
5.8702707,0.97498935,1
1.0621917,0.70636165,1
1.1635703,0.19140533,1
2.2365346,-0.6299484,1
5.981072,1.1939257,1
2.6000562,-0.8089703,1
4.26385,-0.618145,1
0.8371613,0.7798926,1
0.820777,0.6689913,1
1.3741388,0.37153378,1
6.1332703,0.90690905,1
0.2239275,0.6762221,1
5.1259055,0.31130582,1
2.3200564,-0.9253151,1
3.019015,-1.053525,1
1.3857405,0.20559755,1
4.2486744,-0.7205933,1
2.4674695,-0.66953975,1
1.6908505,-0.045435935,1
5.3923945,0.93947333,1
4.804987,0.2527261,1
1.2564336,0.43697348,1
2.2711487,-0.6354023,1
5.882375,1.0835835,1
5.4265227,0.38983133,1
4.4757366,-0.318722,1
1.9223902,-0.53741276,1
0.04212333,0.7720171,1
3.5374813,-0.83310056,1
2.1200888,-0.98884124,1
4.881293,0.43186113,1
0.51267517,1.0762722,1
3.0282,-0.710235,1
4.048838,-0.69211394,1
0.8687716,0.5765662,1
2.4895277,-0.38677344,1
0.5358531,0.71151024,1
0.123085484,0.7736177,1
2.6639884,-0.8051815,1
4.309879,-0.5459871,1
4.4959774,-0.24210145,1
2.0186262,-0.42161813,1
3.5791242,-1.2882034,1
1.2697006,0.012791433,1
0.7323476,0.65777755,1
2.267449,-0.78751355,1
5.5372005,0.59030926,1
4.727367,-0.002318064,1
0.22249648,1.2480295,1
4.4786205,-0.112731956,1
1.9745101,-0.5843266,1
4.6414423,-0.07912657,1
0.295915,1.0288323,1
3.1072059,-0.99893886,1
1.1951014,0.45730898,1
2.9813693,-0.79293364,1
4.6432123,-0.2837094,1
3.2490501,-0.9889424,1
2.3966098,-0.7219329,1
3.4238417,-0.9738327,1
3.3985765,-1.1645182,1
5.142767,0.58497655,1
0.87057745,0.7618731,1
1.7253374,-0.09421912,1
1.3946704,0.33774677,1
3.925563,-0.42118537,1
0.6154981,0.7368075,1
3.175741,-0.9980675,1
0.09416562,1.2092943,1
1.0675676,0.8198521,1
3.2377796,-1.0233732,1
5.4025683,0.7070564,1
0.5697647,0.78379333,1
1.6728816,-0.056237556,1
0.27519584,0.6803547,1
2.9215999,-0.85180926,1
1.6491226,-0.43326932,1
3.319902,-0.89477897,1
6.2533712,0.75406015,1
4.071688,-0.7919894,1
0.4678106,1.0085524,1
5.5712223,0.8286668,1
2.1344037,-0.50303984,1
1.8809338,-0.059294358,1
2.5868995,-1.2186792,1
6.146935,1.1562194,1
5.377595,0.53981334,1
2.6187418,-0.6611769,1
3.4976275,-1.4670415,1
3.5093162,-1.3973058,1
0.6881979,1.0657932,1
2.842898,-1.0182431,1
0.057289504,0.88394016,1
2.1013777,-0.47580698,1
0.03928963,0.934712,1
0.6033807,0.37957484,1
2.0914505,-0.19830656,1
0.8319278,0.41198525,1
0.2371109,1.0692172,1
3.427416,-0.7908311,1
5.456354,0.56583697,1
6.0454216,0.81585175,1
3.6810627,-0.59804,1
3.9161754,-0.92716944,1
4.5853434,-0.18107744,1
0.38174072,0.9108057,1
1.0000523,0.5156661,1
1.0978359,0.6989309,1
1.4519095,0.4095546,1
2.0643964,-0.3837217,1
1.2457147,0.3405931,1
3.8966389,-0.4719279,1
6.170278,1.090708,1
1.5038022,0.09949311,1
4.553104,-0.36946398,1
0.6819908,0.4549747,1
2.3731809,-0.65503234,1
1.0773684,0.4791335,1
5.898967,0.69217825,1
4.3213663,-0.46196213,1
0.53722936,0.6800481,1
4.88873,0.24969718,1
4.5057697,-0.46865597,1
0.2642908,1.1881953,1
1.7771165,0.050283138,1
3.8959956,-0.5632356,1
1.6467383,-0.0096839275,1
4.489211,-0.294177,1
3.3519945,-0.81403476,1
3.4991558,-0.83750415,1
0.5302538,1.121658,1
1.4749912,-0.14966625,1
0.06200581,0.99751896,1
5.9099236,0.76613647,1
6.226082,0.98232317,1
4.9107523,0.5506669,1
6.251013,0.9210531,1
3.980815,-0.77544826,1
1.0751443,-0.031453036,1
3.0924044,-0.7787796,1
5.6828074,1.0480213,1
2.2318845,-0.49468648,1
0.51329356,0.8539277,1
3.9433825,-0.9226316,1
2.3555923,-0.6203922,1
2.1586337,-0.22228865,1
1.137835,0.32267734,1
3.5532043,-0.75851655,1
5.321546,0.3047362,1
5.4529853,1.306078,1
1.4016938,-0.0062970393,1
1.6843145,-0.3222947,1
2.1150749,-0.27190477,1
0.47566414,1.0491195,1
1.8521786,-0.09334412,1
0.32775623,1.2961315,1
5.076269,-0.13617276,1
2.0322602,-0.4441949,1
6.139246,0.7110075,1
6.066434,0.79999244,1
5.965798,1.0711199,1
2.6078146,-0.7045318,1
5.2428656,0.3288026,1
1.8970702,-0.46954077,1
1.1786132,0.64048505,1
4.593058,-0.009630252,1
3.8965993,-0.6273245,1
0.9919394,0.40914708,1
2.7307286,-0.7057831,1
1.4994171,-0.2144388,1
5.9432893,1.2096422,1
3.195007,-1.325899,1
5.7073374,0.9167507,1
4.6413507,-0.15235688,1
6.041925,0.9873918,1
0.5410817,0.7931781,1
2.059868,-0.46696132,1
4.1662,-0.35609674,1
4.5772185,-0.47245926,1
5.697879,0.94220734,1
2.5713823,-0.9404506,1
2.6875873,-0.5887168,1
3.999055,-0.5145826,1
4.7133904,0.21830596,1
0.5450266,1.1219759,1
1.4992043,-0.050406195,1
2.783647,-1.2436739,1
5.0991607,0.47213566,1
5.9606247,0.87497884,1
3.7162197,-0.7736651,1
5.448708,0.5488977,1
5.712375,0.93007547,1
3.2039714,-1.2963928,1
2.5203373,-1.3053255,1
2.717408,-1.2029581,1
5.084132,0.16018596,1
4.051455,-0.50113976,1
0.35501444,1.2713654,1
4.747662,0.13238044,1
1.4081959,0.08291447,1
3.6696458,-0.90346044,1
4.6611896,-0.046000242,1
2.0861704,-0.6658917,1
1.1275948,0.33178478,1
5.481139,0.60531306,1
5.076909,0.42678323,1
0.83715343,0.7243447,1
1.6418046,-0.37475002,1
0.62927765,0.8122371,1
1.8307525,-0.038735945,1
3.327777,-0.7654376,1
0.41503602,1.0753131,1
5.723285,0.7744619,1
0.37607542,0.8463908,1
5.417067,0.6716496,1
3.4773269,-1.167259,1
4.1096845,-0.60607326,1
1.6980121,-0.22964276,1
5.4837084,0.7418991,1
4.0871143,-0.28368294,1
3.051292,-1.1851559,1
4.9741073,0.3072689,1
0.68189126,0.7338781,1
2.3359523,-0.78413093,1
2.8489044,-0.44431013,1
2.9260333,-0.7727645,1
2.9203513,-0.97348005,1
4.2262836,-0.5967235,1
1.2768283,0.25614452,1
4.284626,-0.45738965,1
3.851066,-0.9497605,1
5.5404387,0.29722732,1
5.9668174,0.87389344,1
0.75786275,1.1013513,1
4.008126,-0.723797,1
1.169672,0.6258374,1
0.7047696,0.8173744,1
4.570287,-0.46635184,1
5.610207,1.0398167,1
4.052623,-0.58919275,1
1.7211205,-0.06431187,1
2.3299408,-0.3760324,1
0.35574257,0.9922861,1
1.632885,-0.0062909797,1
4.03778,-0.25418904,1
5.020146,0.37405294,1
5.15854,0.39885497,1
3.9467716,-0.5880585,1
0.52176654,0.9306422,1
2.2723227,-0.6258072,1
1.2532835,0.28378814,1
3.237132,-0.9194948,1
5.5044866,0.7960912,1
0.24814472,0.8988429,1
5.087787,0.2550526,1
1.6530582,-0.13816153,1
5.0939956,0.39796442,1
5.5451217,0.9480353,1
3.4439836,-1.2007283,1
3.1147492,-1.362566,1
1.9649559,-0.19774991,1
2.3381572,-0.54618746,1
3.9105766,-0.31212404,1
2.5157032,-0.8438603,1
0.2290225,0.95015377,1
1.6307513,-0.015848473,1
1.0972925,0.53427494,1
4.2020617,-0.6829248,1
4.63511,-0.15775491,1
2.4844227,-0.9004029,1
2.3150237,-0.52376515,1
4.9716406,0.11750134,1
3.8705466,-0.72681975,1
0.98329526,0.51022786,1
1.6741351,-0.12276876,1
4.724078,0.16343877,1
0.8194365,0.89504206,1
2.119467,-0.492547,1
1.2918057,0.15836062,1
2.5089045,-1.1002989,1
0.8247295,0.8861689,1
5.537862,0.7383973,1
4.611639,-0.010997129,1
2.7957602,-1.0983855,1
3.275011,-0.71756554,1
2.4402552,-0.61476487,1
5.0604434,0.58559495,1
5.0667505,-0.03224336,1
1.4378238,0.6315018,1
1.681583,-0.1692893,1
3.7991822,-0.59645045,1
3.2944577,-1.2108692,1
1.995116,-0.6132518,1
2.6101508,-1.2424123,1
3.131664,-1.0959755,1
4.350105,-0.21007174,1
1.8169777,-0.0013088804,1
0.43190384,1.0162437,1
2.9069474,-0.91808903,1
1.0712625,0.4770659,1
1.524875,-0.25710443,1
3.0170867,-0.7316994,1
3.2683246,-1.0829442,1
0.8635439,1.0629807,1
3.9613962,-0.5703871,1
3.9489286,-0.65872633,1
4.9044313,-0.08349495,1
0.44063234,1.0731978,1
0.57274324,0.7585232,1
6.14226,1.0406505,1
0.6121816,0.83097667,1
5.762335,1.007505,1
1.9471672,-0.10823052,1
2.1652544,-0.6704617,1
0.7690088,0.6175156,1
5.174279,0.15703265,1
3.704699,-0.9810385,1
2.0000398,-0.51850384,1
4.850031,0.41428292,1
0.7548375,0.8730794,1
0.46280217,0.6717254,1
3.2638297,-0.88178855,1
4.7163615,-0.23843892,1
1.0502967,0.5058112,1
4.739464,0.02849664,1
5.3877006,0.18596543,1
2.0445104,-0.5337346,1
1.616814,-0.06454332,1
1.03469,0.5212888,1
1.5164553,0.51234907,1
2.0613058,-0.45643044,1
0.44856754,0.71838677,1
0.48373908,0.8542692,1
0.96304154,0.66482073,1
0.39590403,0.95974916,1
0.79096234,0.5625199,1
5.0810804,0.27795386,1
5.7517033,0.8137334,1
0.6828146,0.9674522,1
0.04994096,1.0307797,1
6.1905603,0.5519553,1
4.630631,-0.13477615,1
4.113882,-0.44708565,1
5.0255966,0.21809965,1
4.4824977,-0.035546634,1
0.5775459,1.245616,1
3.5929444,-0.80848634,1
4.6781635,-0.43233028,1
5.2173543,0.6482717,1
4.1984377,-0.66049963,1
3.9050362,-0.7472484,1
4.432144,0.08649196,1
4.0117927,-0.46890062,1
3.3507411,-0.86320317,1
4.838104,0.08114852,1
0.47814766,0.77378625,1
3.0261736,-1.4393623,1
5.465887,0.38515112,1
4.6430054,-0.30618373,1
5.9742317,1.2019904,1
2.6080055,-0.7519371,1
0.17543067,1.1303849,1
3.343697,-1.0616254,1
3.0406375,-1.0028831,1
4.02308,-0.9095793,1
2.1198812,-0.4868863,1
5.827574,1.1556633,1
4.664616,-0.035437465,1
0.85267556,0.580676,1
2.7581332,-0.7011458,1
5.996257,1.1337376,1
3.884304,-0.6150604,1
2.9602053,-1.0590088,1
5.2020235,0.22727796,1
0.6884231,0.8390125,1
3.0195231,-0.85981,1
6.037826,1.0277609,1
1.7409075,-0.2875315,1
3.6757343,-0.8015502,1
4.858422,0.030417327,1
1.0967306,0.27594963,1
0.8704887,0.91284645,1
2.2005374,-0.53603894,1
0.047803074,0.90460485,1
6.0953913,1.2588584,1
2.016581,-0.7095739,1
6.212297,1.4335549,1
3.8688967,-1.1770597,1
2.9177883,-0.82717955,1
0.4570736,0.6507148,1
1.5321702,-0.021964148,1
4.6024265,0.007908621,1
2.7120335,-0.90231293,1
5.02089,0.20111781,1
4.1006937,-0.6081879,1
0.9967883,0.14819884,1
3.5839255,-0.89425796,1
5.8073554,0.6959122,1
3.595229,-0.48923615,1
1.4855677,0.14421746,1
1.0353235,0.63321614,1
3.109907,-1.161728,1
0.89483577,0.41274816,1
2.5627618,-0.8903345,1
4.4338303,-0.11111844,1
2.253467,-0.45754316,1
1.8214852,-0.24121782,1
5.61224,0.4137398,1
0.6511242,0.8120403,1
4.3475842,-0.39726415,1
6.172565,1.2294598,1
5.5333557,0.9633878,1
3.4490178,-1.157392,1
5.1157594,0.33678877,1
4.601124,-0.1209766,1
2.327489,-0.68603015,1
3.012304,-0.9585404,1
3.901196,-0.66902816,1
1.8710665,-0.25851938,1
4.3517456,-0.24535851,1
5.248027,0.36945388,1
3.3468847,-0.87576836,1
2.7008066,-1.0660532,1
4.1212077,-0.7593576,1
3.6244676,-0.9293817,1
1.8020825,-0.14214556,1
5.6103435,1.1398888,1
4.9038787,0.17697302,1
4.0602436,-0.5364183,1
0.9398799,0.3773635,1
3.166108,-1.063208,1
0.1751097,0.9532813,1
2.8958423,-0.98363084,1
3.39124,-0.9756262,1
2.061571,-0.62153566,1
2.351606,-0.6819462,1
5.218278,0.41018388,1
4.0513377,-0.6949247,1
0.5485366,0.77272874,1
0.44595087,0.6947539,1
1.2554067,0.07551458,1
2.3022797,-0.511643,1
5.9323735,1.2970585,1
0.66252625,0.93797576,1
0.7969247,1.0651882,1
5.7571177,1.0144064,1
2.9544125,-0.99049187,1
5.954234,1.0719185,1
3.57167,-0.85305655,1
1.736854,-0.56885475,1
2.4917367,-0.47340766,1
1.4806756,0.2011489,1
0.20788425,0.972593,1
5.525879,0.52333975,1
4.9107566,0.28244796,1
5.4750543,0.5995294,1
0.78832775,0.87750834,1
1.5324243,-0.23400682,1
3.5955167,-1.120426,1
2.719704,-1.0742565,1
4.8634944,0.09489752,1
1.7654095,-0.19707684,1
1.9323443,-0.1331063,1
4.8645697,0.30790251,1
0.25776997,0.7616217,1
3.7244294,-0.9206171,1
0.36426347,0.48607165,1
5.0041604,0.13265227,1
5.9392514,1.0172848,1
0.09437313,1.1004342,1
1.9715707,-0.4908002,1
0.19159625,1.1673865,1
0.41612774,1.0128419,1
5.421561,0.6593767,1
4.1071496,-0.90396947,1
4.366881,-0.12193254,1
5.6446385,0.9988543,1
3.5427148,-0.8132356,1
2.2207873,-0.77475524,1
4.8432927,0.33810934,1
5.3545403,0.7267297,1
1.6457245,0.08953328,1
1.983037,-0.041086733,1
5.4599032,0.7009918,1
3.4897623,-0.76458925,1
3.9116056,-0.3846068,1
4.1005106,-0.56313473,1
2.3277962,-0.65409935,1
1.8649303,-0.35217336,1
5.2505903,0.41575482,1
3.5929756,-0.9700176,1
1.7422153,0.016409246,1
1.4606361,0.1462731,1
4.710462,0.19770503,1
0.90136105,0.6505172,1
2.1549625,-0.58659786,1
1.4365683,-0.25831515,1
0.364111,0.50766134,1
1.715572,-0.2600051,1
0.15292715,0.73022,1
5.958082,0.9258481,1
1.6574247,-0.08269895,1
3.1103547,-0.9153873,1
0.591434,0.64714473,1
5.699255,0.67551535,1
5.8845186,1.1166198,1
1.1693971,0.5500186,1
3.3543897,-1.0911765,1
5.753722,0.8231834,1
0.6700204,0.784188,1
4.73893,0.10335425,1
5.128156,0.4490127,1
0.053652994,1.0778917,1
3.574804,-1.0522854,1
0.9628689,0.11184182,1
2.801485,-0.76076186,1
0.12888612,1.0027995,1
0.30395982,1.1200625,1
2.969932,-0.7687408,1
6.0915976,1.1033584,1
5.455079,0.19002359,1
2.1753917,-0.59533966,1
3.940174,-0.40313613,1
6.1471405,1.1148182,1
1.5306166,0.106712185,1
1.5067755,-0.44422087,1
4.0119314,-0.601511,1
3.3038166,-1.0763674,1
5.4195247,0.5038635,1
6.1619186,1.0764226,1
2.166394,-0.60575163,1
6.236613,1.0440587,1
1.9513038,-0.6266217,1
1.0684766,0.46402436,1
4.6751485,-0.13641086,1
1.5124986,-0.024556,1
1.5172644,-0.36437687,1
1.7460923,-0.11833093,1
3.7127652,-0.9186029,1
1.4700434,0.20864628,1
5.7128105,0.98646545,1
5.245491,0.42662516,1
